1.385339535772800446e-02,-3.215793147683143616e-02,3.266843035817146301e-02,2.928517460823059082e-01,6.574271917343139648e-01,9.739474058151245117e-01,9.925063252449035645e-01,6.813057661056518555e-01,3.998771905899047852e-01,1.779039800167083740e-01
2.882611453533172607e-01,5.491448640823364258e-01,8.080765008926391602e-01,9.298074245452880859e-01,8.115109205245971680e-01,5.860620737075805664e-01,3.018811345100402832e-01,9.686690568923950195e-02,-2.262585796415805817e-02,-6.167604774236679077e-02
2.342722415924072266e-01,4.682766497135162354e-01,7.207407951354980469e-01,9.137316942214965820e-01,8.728492856025695801e-01,6.942186355590820312e-01,3.856541514396667480e-01,1.281557977199554443e-01,-2.187019027769565582e-02,-6.520370393991470337e-02
5.128118395805358887e-01,7.957050800323486328e-01,8.986632823944091797e-01,6.695808172225952148e-01,3.728889226913452148e-01,3.010835051536560059e-01,3.157067894935607910e-01,2.676211297512054443e-01,1.022688746452331543e-01,-3.840763866901397705e-02
3.041846454143524170e-01,5.371986627578735352e-01,6.769543886184692383e-01,6.280196905136108398e-01,5.323091745376586914e-01,5.519278645515441895e-01,5.468108654022216797e-01,4.155644476413726807e-01,1.684902608394622803e-01,-3.283353149890899658e-02
2.634124755859375000e-01,5.159010887145996094e-01,6.780915260314941406e-01,6.732194423675537109e-01,6.019669771194458008e-01,5.857571363449096680e-01,5.405176877975463867e-01,3.998893797397613525e-01,1.585780084133148193e-01,-3.079501353204250336e-02
3.306306600570678711e-01,5.905126929283142090e-01,7.333754301071166992e-01,6.522417068481445312e-01,5.271034240722656250e-01,5.011809468269348145e-01,4.859268963336944580e-01,3.988424539566040039e-01,2.112516462802886963e-01,2.715480513870716095e-02
2.732987105846405029e-01,4.614805281162261963e-01,5.096731185913085938e-01,4.108068048954010010e-01,3.962143659591674805e-01,5.542042851448059082e-01,6.926149129867553711e-01,6.249837279319763184e-01,3.902715444564819336e-01,1.291720569133758545e-01
4.144378006458282471e-01,6.739200353622436523e-01,7.760462760925292969e-01,6.174587011337280273e-01,4.331362843513488770e-01,4.161882698535919189e-01,4.424017071723937988e-01,3.836351633071899414e-01,2.242279052734375000e-01,4.302199184894561768e-02
4.398908615112304688e-01,7.261776328086853027e-01,8.348844051361083984e-01,6.426321268081665039e-01,4.261509776115417480e-01,3.535394966602325439e-01,3.734587728977203369e-01,3.403411507606506348e-01,1.929058730602264404e-01,1.034045778214931488e-02
4.087677299976348877e-01,6.944600343704223633e-01,8.476809263229370117e-01,7.035804986953735352e-01,4.553068876266479492e-01,3.786602318286895752e-01,3.658413290977478027e-01,2.956553101539611816e-01,1.191902384161949158e-01,-2.013084851205348969e-02
5.343582853674888611e-02,-6.296221911907196045e-02,-2.811168432235717773e-01,-5.599473714828491211e-01,-5.520650744438171387e-01,-1.246129572391510010e-01,5.524975061416625977e-01,1.074119210243225098e+00,1.318771600723266602e+00,1.231702446937561035e+00
5.089827775955200195e-01,7.758727669715881348e-01,7.201601266860961914e-01,3.647063672542572021e-01,1.915390193462371826e-01,2.007763683795928955e-01,3.373496234416961670e-01,3.453153669834136963e-01,2.153959274291992188e-01,1.142435669898986816e-01
5.937430858612060547e-01,8.869674801826477051e-01,8.794702291488647461e-01,5.016177892684936523e-01,1.835330724716186523e-01,1.854681074619293213e-01,3.267637193202972412e-01,3.514146208763122559e-01,2.130062282085418701e-01,4.301560670137405396e-02
6.661021709442138672e-01,8.919481635093688965e-01,6.643089056015014648e-01,1.301735341548919678e-01,-9.561926126480102539e-03,2.342122942209243774e-01,5.224950909614562988e-01,4.891908764839172363e-01,2.860070168972015381e-01,7.205041497945785522e-02
4.210335612297058105e-01,7.234746813774108887e-01,7.121126651763916016e-01,4.866018593311309814e-01,3.146502971649169922e-01,3.115663826465606689e-01,3.999745845794677734e-01,3.639782965183258057e-01,2.440011352300643921e-01,4.152924567461013794e-02
8.439415693283081055e-02,5.480495840311050415e-02,-7.244747132062911987e-02,-1.687309741973876953e-01,4.475728422403335571e-02,6.531001329421997070e-01,1.182403326034545898e+00,1.144531846046447754e+00,7.444391846656799316e-01,3.404389619827270508e-01
5.046301707625389099e-02,-2.728499099612236023e-02,-2.257426977157592773e-01,-3.964315354824066162e-01,-1.731134206056594849e-01,5.290745496749877930e-01,1.227709531784057617e+00,1.325999259948730469e+00,9.767948985099792480e-01,5.483779311180114746e-01
3.009942173957824707e-01,4.964477121829986572e-01,5.113210082054138184e-01,3.484985232353210449e-01,2.842847704887390137e-01,4.915379881858825684e-01,6.437106728553771973e-01,5.686296820640563965e-01,3.812891244888305664e-01,1.185377165675163269e-01
2.099413126707077026e-01,3.723346889019012451e-01,5.212691426277160645e-01,5.377416014671325684e-01,5.491646528244018555e-01,6.553959846496582031e-01,6.863642334938049316e-01,4.918232858180999756e-01,2.380544692277908325e-01,2.421854436397552490e-02
6.877120137214660645e-01,1.026627421379089355e+00,1.010563015937805176e+00,6.116031408309936523e-01,2.687832117080688477e-01,1.414580941200256348e-01,1.869748532772064209e-01,1.415294110774993896e-01,7.244908064603805542e-02,-2.777556516230106354e-02
7.416847944259643555e-01,1.080326080322265625e+00,9.862601757049560547e-01,5.027623176574707031e-01,1.667021065950393677e-01,7.432991266250610352e-02,1.472682505846023560e-01,1.144811362028121948e-01,4.865294694900512695e-02,1.201057154685258865e-02
4.000627994537353516e-01,4.795414805412292480e-01,2.491021305322647095e-01,-1.582008153200149536e-01,-2.097520679235458374e-01,3.389834463596343994e-01,8.979038596153259277e-01,9.803713560104370117e-01,7.154044508934020996e-01,3.447357416152954102e-01
6.233560442924499512e-01,8.360592126846313477e-01,7.166379690170288086e-01,3.172907829284667969e-01,5.608545988798141479e-02,2.344509661197662354e-01,4.710609614849090576e-01,4.494595229625701904e-01,3.104090988636016846e-01,7.226503640413284302e-02
5.661363601684570312e-01,7.591328620910644531e-01,6.361615657806396484e-01,2.660449445247650146e-01,6.338176131248474121e-02,3.002780675888061523e-01,5.422524213790893555e-01,5.022982358932495117e-01,3.433940112590789795e-01,7.707294821739196777e-02
6.400635242462158203e-01,9.041224122047424316e-01,8.547761440277099609e-01,4.792483448982238770e-01,1.797140538692474365e-01,1.930200159549713135e-01,3.271229267120361328e-01,3.056662082672119141e-01,2.015385031700134277e-01,3.624290972948074341e-02
6.126411557197570801e-01,8.810704946517944336e-01,8.587355613708496094e-01,5.090113878250122070e-01,2.171770036220550537e-01,2.252646833658218384e-01,3.288533687591552734e-01,2.952931523323059082e-01,1.896807998418807983e-01,2.242305874824523926e-02
4.601027965545654297e-01,6.245312690734863281e-01,5.085560083389282227e-01,1.915981918573379517e-01,8.019053190946578979e-02,3.815568983554840088e-01,6.369987130165100098e-01,5.992826819419860840e-01,3.922326266765594482e-01,1.250888407230377197e-01
5.787207484245300293e-01,8.076878786087036133e-01,7.444521188735961914e-01,3.981373012065887451e-01,1.583697497844696045e-01,2.841510176658630371e-01,4.479508996009826660e-01,4.013729095458984375e-01,2.662621438503265381e-01,5.147902667522430420e-02
6.994999051094055176e-01,1.017321944236755371e+00,1.002391934394836426e+00,5.945998430252075195e-01,2.183244079351425171e-01,1.188987642526626587e-01,1.923973262310028076e-01,1.947657167911529541e-01,1.128642708063125610e-01,-1.384798623621463776e-02
7.079377174377441406e-01,1.027909517288208008e+00,1.011688709259033203e+00,5.988861322402954102e-01,2.172643393278121948e-01,1.054930984973907471e-01,1.782934069633483887e-01,1.817559897899627686e-01,1.055840626358985901e-01,-1.572985388338565826e-02
9.477502107620239258e-01,1.288404345512390137e+00,1.084423542022705078e+00,4.136489033699035645e-01,-8.866962790489196777e-02,-1.608230024576187134e-01,5.558484792709350586e-02,1.145646274089813232e-01,7.705096155405044556e-02,4.635604470968246460e-02
7.445729374885559082e-01,1.085095643997192383e+00,1.067661643028259277e+00,6.399301290512084961e-01,2.471564263105392456e-01,8.812500536441802979e-02,1.419455111026763916e-01,1.288404166698455811e-01,6.799985468387603760e-02,-3.281118720769882202e-02
8.998708128929138184e-01,1.260884284973144531e+00,1.103484630584716797e+00,4.745585024356842041e-01,1.991953700780868530e-02,-6.653331220149993896e-02,1.066525429487228394e-01,1.567790210247039795e-01,7.163161784410476685e-02,-2.355946414172649384e-02
7.414038181304931641e-01,1.094232559204101562e+00,1.053947091102600098e+00,6.184053421020507812e-01,2.381540834903717041e-01,9.998819231986999512e-02,1.710695624351501465e-01,1.601600944995880127e-01,7.530509680509567261e-02,-2.623615600168704987e-02
8.217048645019531250e-01,1.172041773796081543e+00,1.097043514251708984e+00,5.748921632766723633e-01,1.390421539545059204e-01,6.044223904609680176e-03,1.127248480916023254e-01,1.313013732433319092e-01,6.730536371469497681e-02,-2.888335473835468292e-02
6.660175919532775879e-01,9.857288599014282227e-01,9.737391471862792969e-01,5.798782110214233398e-01,2.266370505094528198e-01,1.564955413341522217e-01,2.312905043363571167e-01,2.309310734272003174e-01,1.286460012197494507e-01,-8.931279182434082031e-03
5.337455868721008301e-01,8.324496746063232422e-01,8.904573917388916016e-01,6.186348199844360352e-01,3.356000185012817383e-01,2.766295671463012695e-01,3.079587221145629883e-01,2.807264924049377441e-01,1.682932078838348389e-01,1.698885113000869751e-03
4.657343327999114990e-01,7.396907806396484375e-01,8.181324005126953125e-01,6.292018890380859375e-01,3.861253261566162109e-01,3.564466238021850586e-01,3.799459040164947510e-01,3.343699574470520020e-01,1.970514059066772461e-01,2.060221508145332336e-02
7.835070490837097168e-01,1.121449351310729980e+00,1.053685188293457031e+00,5.520618557929992676e-01,1.427893042564392090e-01,4.939281195402145386e-02,1.613183468580245972e-01,1.813861727714538574e-01,8.972706645727157593e-02,-2.182517386972904205e-02
4.247198402881622314e-01,6.781326532363891602e-01,7.521740198135375977e-01,5.617455244064331055e-01,3.748928308486938477e-01,4.093056917190551758e-01,4.570026099681854248e-01,3.841680586338043213e-01,2.354530990123748779e-01,3.499513864517211914e-02
5.022413730621337891e-01,7.881730794906616211e-01,8.563261032104492188e-01,6.088621616363525391e-01,3.535092473030090332e-01,3.239541947841644287e-01,3.577615916728973389e-01,3.104634582996368408e-01,1.873943954706192017e-01,1.238515414297580719e-02
4.857043921947479248e-01,7.131205201148986816e-01,7.147260904312133789e-01,4.491036534309387207e-01,2.492163479328155518e-01,3.671486973762512207e-01,4.878855943679809570e-01,4.282795488834381104e-01,2.750775218009948730e-01,5.442073196172714233e-02
5.163885951042175293e-01,7.552631497383117676e-01,7.596780061721801758e-01,4.861016571521759033e-01,2.596023678779602051e-01,3.260495960712432861e-01,4.287065863609313965e-01,3.728093206882476807e-01,2.409364432096481323e-01,4.492240026593208313e-02
5.976529717445373535e-01,8.996207714080810547e-01,9.239464998245239258e-01,5.979211330413818359e-01,2.784748077392578125e-01,2.123665362596511841e-01,2.659643888473510742e-01,2.499341666698455811e-01,1.523589491844177246e-01,-9.271521121263504028e-04
8.030436038970947266e-01,1.151540160179138184e+00,1.069383740425109863e+00,5.974714756011962891e-01,1.809822171926498413e-01,1.359055936336517334e-02,1.103573590517044067e-01,1.431333422660827637e-01,7.817758619785308838e-02,-2.253518439829349518e-02
5.558949708938598633e-01,8.331214189529418945e-01,8.591346740722656250e-01,6.213430166244506836e-01,3.464211821556091309e-01,2.730196714401245117e-01,3.169798254966735840e-01,2.577427923679351807e-01,1.566216796636581421e-01,1.683839038014411926e-02
7.134693861007690430e-01,1.029059410095214844e+00,1.008638739585876465e+00,6.069110631942749023e-01,2.306782901287078857e-01,9.906564652919769287e-02,1.756401509046554565e-01,1.778177618980407715e-01,1.116022542119026184e-01,-9.173020720481872559e-03
5.762475132942199707e-01,8.294552564620971680e-01,8.196942806243896484e-01,4.963181018829345703e-01,2.299242466688156128e-01,2.706300020217895508e-01,3.774636685848236084e-01,3.359122276306152344e-01,2.171275019645690918e-01,3.627942875027656555e-02
5.812644958496093750e-01,8.250335454940795898e-01,7.967423200607299805e-01,4.615556299686431885e-01,1.884566545486450195e-01,2.588689327239990234e-01,3.930103182792663574e-01,3.627128899097442627e-01,2.416923493146896362e-01,4.757451266050338745e-02
6.938669681549072266e-01,1.028192520141601562e+00,9.828978776931762695e-01,5.551869273185729980e-01,1.891444921493530273e-01,1.402770876884460449e-01,2.387765496969223022e-01,2.524991333484649658e-01,1.368880867958068848e-01,-6.301129236817359924e-03
8.302043080329895020e-01,1.167459011077880859e+00,1.049675941467285156e+00,5.308464765548706055e-01,6.630840152502059937e-02,-5.311587452888488770e-02,1.235981509089469910e-01,2.185851335525512695e-01,1.335701346397399902e-01,1.840517669916152954e-02
7.917254567146301270e-01,1.120351076126098633e+00,1.015110492706298828e+00,4.813512563705444336e-01,4.316675290465354919e-02,-2.499344199895858765e-02,1.382198780775070190e-01,2.310178279876708984e-01,1.641873419284820557e-01,2.880441211163997650e-02
8.890126943588256836e-01,1.237685441970825195e+00,1.022603273391723633e+00,3.496959507465362549e-01,-7.233095169067382812e-02,-7.744422554969787598e-02,1.308846920728683472e-01,1.806220114231109619e-01,8.622691780328750610e-02,1.323283091187477112e-02
4.767332077026367188e-01,7.575482130050659180e-01,8.113976716995239258e-01,5.457854270935058594e-01,2.959974110126495361e-01,2.979740500450134277e-01,3.756487369537353516e-01,3.380745053291320801e-01,2.211166322231292725e-01,4.360844194889068604e-02
6.824654340744018555e-01,1.007300972938537598e+00,9.609347581863403320e-01,5.603266358375549316e-01,1.818292140960693359e-01,7.417424023151397705e-02,1.677198261022567749e-01,1.717312633991241455e-01,1.283522695302963257e-01,4.725388251245021820e-03
6.289303898811340332e-01,7.467713356018066406e-01,4.487352669239044189e-01,4.819247871637344360e-03,-1.249792724847793579e-01,3.026388287544250488e-01,7.021137475967407227e-01,6.563040614128112793e-01,4.763852357864379883e-01,1.699742525815963745e-01
4.357222616672515869e-01,7.250363826751708984e-01,6.958585977554321289e-01,4.230112731456756592e-01,3.195019364356994629e-01,3.450784385204315186e-01,4.504452943801879883e-01,4.549331068992614746e-01,2.319942712783813477e-01,4.091249406337738037e-02
5.879950523376464844e-01,8.068658113479614258e-01,6.458657979965209961e-01,2.683719098567962646e-01,8.929235488176345825e-02,2.904996573925018311e-01,4.794213473796844482e-01,4.492325782775878906e-01,2.728300690650939941e-01,6.219891458749771118e-02
7.616140842437744141e-01,1.134449362754821777e+00,1.037244439125061035e+00,5.389779806137084961e-01,1.934376358985900879e-01,6.924548745155334473e-02,1.461334824562072754e-01,1.228165104985237122e-01,3.061600215733051300e-02,-2.322228811681270599e-02
8.006551265716552734e-01,1.111054539680480957e+00,9.014010429382324219e-01,3.519935607910156250e-01,-3.350035101175308228e-02,1.933889091014862061e-02,2.564339041709899902e-01,3.016726672649383545e-01,2.010263204574584961e-01,3.818677365779876709e-02
1.014342904090881348e+00,1.356168150901794434e+00,1.082084178924560547e+00,3.569771349430084229e-01,-1.218510419130325317e-01,-1.757314503192901611e-01,9.761457145214080811e-02,2.182282805442810059e-01,1.110050529241561890e-01,5.479448288679122925e-02
7.191923260688781738e-01,9.978923797607421875e-01,8.915135860443115234e-01,4.399419128894805908e-01,9.994611889123916626e-02,9.419512748718261719e-02,2.569450736045837402e-01,2.631659805774688721e-01,1.775278151035308838e-01,4.802647233009338379e-02
6.550719141960144043e-01,8.872627615928649902e-01,7.192630767822265625e-01,2.692649960517883301e-01,8.554749190807342529e-03,1.586185246706008911e-01,4.139905571937561035e-01,4.363686144351959229e-01,2.919066548347473145e-01,8.893567323684692383e-02
9.180471897125244141e-01,1.242025375366210938e+00,1.022524595260620117e+00,3.984158039093017578e-01,-7.397092878818511963e-02,-6.951817870140075684e-02,1.750947535037994385e-01,2.427822351455688477e-01,1.611782163381576538e-01,5.803266912698745728e-02
7.617337107658386230e-01,1.081634044647216797e+00,9.540903568267822266e-01,4.061713516712188721e-01,2.854758873581886292e-02,1.651986315846443176e-02,1.890630424022674561e-01,2.852027118206024170e-01,1.644387096166610718e-01,3.712816908955574036e-02
6.196593642234802246e-01,8.241197466850280762e-01,6.280193328857421875e-01,2.007769644260406494e-01,-3.138770163059234619e-02,2.108996808528900146e-01,5.066200494766235352e-01,5.559490323066711426e-01,3.652805089950561523e-01,1.427549272775650024e-01
5.050115585327148438e-01,7.165155410766601562e-01,7.003228664398193359e-01,4.037947654724121094e-01,1.924715042114257812e-01,3.473720848560333252e-01,5.252118110656738281e-01,4.837110340595245361e-01,3.216634988784790039e-01,9.791295230388641357e-02
5.354821681976318359e-01,8.068914413452148438e-01,8.602486848831176758e-01,5.689502954483032227e-01,2.647059559822082520e-01,2.534925639629364014e-01,3.468375802040100098e-01,3.367447555065155029e-01,2.253866195678710938e-01,5.928849428892135620e-02
4.597544074058532715e-01,7.338508963584899902e-01,7.713092565536499023e-01,5.493884086608886719e-01,3.101030588150024414e-01,3.349975645542144775e-01,4.091171026229858398e-01,3.537442684173583984e-01,2.308073639869689941e-01,4.502996802330017090e-02
5.200796723365783691e-01,8.241751790046691895e-01,8.172380924224853516e-01,5.367205142974853516e-01,3.141173422336578369e-01,2.887953221797943115e-01,3.293527960777282715e-01,2.834958136081695557e-01,1.393841207027435303e-01,2.355540357530117035e-02
3.727104663848876953e-01,6.820476055145263672e-01,7.382035255432128906e-01,5.750885009765625000e-01,4.365983009338378906e-01,4.452156126499176025e-01,4.368860721588134766e-01,3.522991836071014404e-01,1.520104557275772095e-01,1.128544099628925323e-02
7.294121980667114258e-01,1.069156646728515625e+00,1.019541025161743164e+00,5.730186700820922852e-01,1.777977943420410156e-01,7.583816349506378174e-02,1.545256674289703369e-01,1.598298847675323486e-01,8.871443569660186768e-02,1.635469682514667511e-02
3.319125175476074219e-01,6.023781895637512207e-01,6.228700876235961914e-01,4.911057651042938232e-01,3.962594270706176758e-01,5.131869316101074219e-01,5.415502786636352539e-01,4.474966824054718018e-01,2.215872853994369507e-01,4.207950830459594727e-02
4.457613527774810791e-01,7.017869353294372559e-01,6.843838691711425781e-01,4.382362067699432373e-01,3.067587018013000488e-01,3.768487274646759033e-01,5.035129189491271973e-01,5.009675025939941406e-01,2.551142275333404541e-01,7.741421461105346680e-02
5.835288166999816895e-01,8.223099708557128906e-01,7.108608484268188477e-01,3.705701828002929688e-01,1.184535622596740723e-01,2.729530036449432373e-01,4.539213776588439941e-01,4.432668089866638184e-01,2.879231870174407959e-01,1.085382625460624695e-01
6.977012157440185547e-01,9.574528932571411133e-01,8.247389793395996094e-01,3.851022422313690186e-01,6.845830380916595459e-02,1.437847763299942017e-01,3.233479261398315430e-01,3.343268930912017822e-01,2.231010943651199341e-01,7.353369891643524170e-02
4.940060079097747803e-01,7.018060684204101562e-01,5.891244411468505859e-01,3.172767460346221924e-01,1.758018136024475098e-01,4.013219177722930908e-01,5.640767812728881836e-01,5.123671889305114746e-01,3.063375651836395264e-01,7.314209640026092529e-02
5.679826736450195312e-01,7.300382256507873535e-01,5.142916440963745117e-01,1.588103771209716797e-01,2.477873116731643677e-02,3.558550775051116943e-01,6.177453994750976562e-01,5.807349681854248047e-01,3.757262825965881348e-01,9.975218027830123901e-02
3.178885877132415771e-01,4.706063270568847656e-01,3.531304001808166504e-01,1.900807768106460571e-01,2.153217792510986328e-01,5.601528882980346680e-01,7.728937864303588867e-01,6.965816617012023926e-01,4.327449202537536621e-01,1.529878824949264526e-01
5.332083702087402344e-01,7.369968295097351074e-01,6.340092420578002930e-01,3.148199617862701416e-01,1.462166607379913330e-01,3.480524420738220215e-01,5.591940879821777344e-01,5.424653291702270508e-01,3.518130183219909668e-01,1.278735548257827759e-01
5.698434710502624512e-01,7.943677902221679688e-01,7.134925127029418945e-01,3.767917752265930176e-01,1.719880998134613037e-01,3.304223120212554932e-01,5.081481933593750000e-01,4.784381687641143799e-01,3.091604113578796387e-01,1.055773198604583740e-01
7.718489766120910645e-01,9.838494658470153809e-01,7.598636150360107422e-01,2.262699902057647705e-01,-9.764800965785980225e-02,9.790722280740737915e-02,4.060984551906585693e-01,4.679160416126251221e-01,3.354540467262268066e-01,1.374574005603790283e-01
6.058124303817749023e-01,8.572981357574462891e-01,7.976694107055664062e-01,4.323876500129699707e-01,1.817789971828460693e-01,2.431570142507553101e-01,3.930738568305969238e-01,4.079493284225463867e-01,2.408791035413742065e-01,6.907625496387481689e-02
8.015730381011962891e-01,1.128098011016845703e+00,1.055267333984375000e+00,5.588991045951843262e-01,1.234060972929000854e-01,2.289488911628723145e-04,1.087206676602363586e-01,1.539599001407623291e-01,9.729981422424316406e-02,2.351583167910575867e-02
7.494538426399230957e-01,1.042439579963684082e+00,9.651086330413818359e-01,5.467219352722167969e-01,1.603337526321411133e-01,1.042147800326347351e-01,2.207589447498321533e-01,2.061051130294799805e-01,1.373023390769958496e-01,5.285027623176574707e-02
6.819753646850585938e-01,9.976537823677062988e-01,1.006837248802185059e+00,6.307064294815063477e-01,2.531299591064453125e-01,1.411478519439697266e-01,2.018872350454330444e-01,2.186390459537506104e-01,1.253116130828857422e-01,-8.383776992559432983e-03
6.890387535095214844e-01,1.002773880958557129e+00,1.002970933914184570e+00,6.218916177749633789e-01,2.414539009332656860e-01,1.399670839309692383e-01,2.146423012018203735e-01,2.426923513412475586e-01,1.406358331441879272e-01,4.017706960439682007e-04
5.683668255805969238e-01,8.299355506896972656e-01,8.524578809738159180e-01,5.570567846298217773e-01,2.677070200443267822e-01,2.670764327049255371e-01,3.502293229103088379e-01,3.307771384716033936e-01,2.130217403173446655e-01,3.738437965512275696e-02
4.927509725093841553e-01,7.641995549201965332e-01,8.373529911041259766e-01,6.056973934173583984e-01,3.575603961944580078e-01,3.260209858417510986e-01,3.626530766487121582e-01,3.266604840755462646e-01,1.997246146202087402e-01,2.397667430341243744e-02
5.554145574569702148e-01,8.044162392616271973e-01,8.108879327774047852e-01,5.119284391403198242e-01,2.448700666427612305e-01,2.866639494895935059e-01,3.909622728824615479e-01,3.680180013179779053e-01,2.382233291864395142e-01,4.610460251569747925e-02
8.063941001892089844e-01,1.077237844467163086e+00,9.600739479064941406e-01,4.561296403408050537e-01,1.944316923618316650e-02,1.373373717069625854e-02,2.315682023763656616e-01,2.740052044391632080e-01,2.080862969160079956e-01,6.235481798648834229e-02
7.646302580833435059e-01,1.040738821029663086e+00,9.066271781921386719e-01,4.071683287620544434e-01,2.865507453680038452e-02,5.262232944369316101e-02,2.470062673091888428e-01,3.123744726181030273e-01,2.072627097368240356e-01,7.378622144460678101e-02
5.775940418243408203e-01,8.234327435493469238e-01,8.263809680938720703e-01,5.019780993461608887e-01,1.977668106555938721e-01,2.386304736137390137e-01,3.743174970149993896e-01,3.714828789234161377e-01,2.509289085865020752e-01,7.192998379468917847e-02
5.041265487670898438e-01,7.758727669715881348e-01,8.498188257217407227e-01,6.155102252960205078e-01,3.559791445732116699e-01,3.265486955642700195e-01,3.671070933341979980e-01,3.320787847042083740e-01,2.036204040050506592e-01,2.685816213488578796e-02
5.339379906654357910e-01,8.094906210899353027e-01,8.621802330017089844e-01,6.013784408569335938e-01,3.316414654254913330e-01,3.041501641273498535e-01,3.459152579307556152e-01,3.020311594009399414e-01,1.846954524517059326e-01,1.419681031256914139e-02
6.357232332229614258e-01,8.681019544601440430e-01,8.080985546112060547e-01,4.169749617576599121e-01,8.648985624313354492e-02,1.874247193336486816e-01,3.875527381896972656e-01,3.910308182239532471e-01,2.778070271015167236e-01,8.451564610004425049e-02
5.118094086647033691e-01,7.268513441085815430e-01,6.523681879043579102e-01,3.442237675189971924e-01,1.948422789573669434e-01,3.451713323593139648e-01,5.225595235824584961e-01,5.015367269515991211e-01,2.983374297618865967e-01,7.265513390302658081e-02
5.439534187316894531e-01,7.588883638381958008e-01,7.073984146118164062e-01,3.877917528152465820e-01,1.517861783504486084e-01,3.124188184738159180e-01,4.966297149658203125e-01,4.740139842033386230e-01,3.130411505699157715e-01,7.194543629884719849e-02
4.818236231803894043e-01,7.414222359657287598e-01,8.019020557403564453e-01,5.844982862472534180e-01,3.482635021209716797e-01,3.537617921829223633e-01,4.032436013221740723e-01,3.531297743320465088e-01,2.174679040908813477e-01,3.092036396265029907e-02
5.234770178794860840e-01,6.461417078971862793e-01,4.319298267364501953e-01,1.906647160649299622e-02,-1.236186176538467407e-01,3.088150024414062500e-01,7.351878285408020020e-01,7.851289510726928711e-01,5.602202415466308594e-01,2.079863697290420532e-01
5.591688156127929688e-01,7.862780094146728516e-01,7.027738094329833984e-01,3.645916283130645752e-01,1.766717731952667236e-01,3.037376999855041504e-01,4.722873270511627197e-01,4.607004523277282715e-01,2.736208140850067139e-01,6.361684948205947876e-02
5.450049042701721191e-01,7.740966677665710449e-01,6.945580244064331055e-01,3.759538531303405762e-01,1.781522929668426514e-01,3.077607750892639160e-01,4.759195446968078613e-01,4.764160513877868652e-01,2.859129011631011963e-01,9.096081554889678955e-02
5.557906031608581543e-01,8.697619438171386719e-01,9.031844139099121094e-01,6.109665632247924805e-01,3.326424360275268555e-01,2.636131346225738525e-01,2.917933762073516846e-01,2.743913233280181885e-01,1.297710686922073364e-01,1.893658004701137543e-02
4.811260998249053955e-01,7.853873968124389648e-01,8.521970510482788086e-01,6.264430284500122070e-01,3.964437842369079590e-01,3.479446470737457275e-01,3.586097061634063721e-01,3.124597072601318359e-01,1.403985619544982910e-01,1.898155175149440765e-02
4.740327596664428711e-01,6.935921311378479004e-01,6.922115087509155273e-01,4.610383212566375732e-01,2.642425298690795898e-01,3.844076991081237793e-01,5.230537652969360352e-01,4.556333124637603760e-01,2.992995381355285645e-01,1.031121388077735901e-01
3.911892175674438477e-01,6.668393611907958984e-01,7.954822778701782227e-01,6.673154830932617188e-01,4.792813062667846680e-01,4.394015669822692871e-01,4.244666695594787598e-01,3.519087731838226318e-01,1.947120726108551025e-01,1.182681880891323090e-02
5.087333321571350098e-01,6.598080992698669434e-01,5.355564355850219727e-01,2.253283411264419556e-01,7.935593277215957642e-02,3.876309990882873535e-01,6.825538873672485352e-01,6.315525174140930176e-01,4.288174211978912354e-01,1.488890200853347778e-01
3.869815468788146973e-01,6.310378313064575195e-01,7.144501209259033203e-01,5.719025135040283203e-01,4.230148792266845703e-01,4.606291651725769043e-01,4.965052902698516846e-01,4.197208881378173828e-01,2.451653480529785156e-01,3.829505294561386108e-02
3.368861675262451172e-01,5.786624550819396973e-01,6.915248632431030273e-01,6.024720668792724609e-01,4.923900365829467773e-01,5.248677134513854980e-01,5.322155952453613281e-01,4.338537156581878662e-01,2.406479567289352417e-01,3.233139216899871826e-02
2.947798669338226318e-01,4.835555255413055420e-01,5.193403959274291992e-01,4.059023857116699219e-01,3.807483315467834473e-01,5.648408532142639160e-01,6.986846327781677246e-01,6.174132823944091797e-01,3.812001943588256836e-01,9.961459040641784668e-02
1.973607689142227173e-01,4.194824397563934326e-01,5.389610528945922852e-01,5.572198629379272461e-01,5.550231337547302246e-01,6.662956476211547852e-01,6.499724388122558594e-01,5.099509954452514648e-01,2.701791822910308838e-01,3.025053627789020538e-02
3.076923191547393799e-01,5.675531029701232910e-01,6.726689338684082031e-01,6.086111068725585938e-01,4.712903499603271484e-01,5.297168493270874023e-01,5.124936103820800781e-01,4.258207976818084717e-01,2.164878696203231812e-01,2.034016512334346771e-02
4.760150015354156494e-01,7.863733768463134766e-01,8.190262317657470703e-01,5.856689214706420898e-01,3.789150714874267578e-01,3.571219444274902344e-01,3.653570711612701416e-01,3.120781183242797852e-01,1.415303051471710205e-01,1.112294383347034454e-02
5.530111193656921387e-01,8.253242373466491699e-01,8.239542245864868164e-01,5.687408447265625000e-01,3.049282431602478027e-01,2.902161478996276855e-01,3.363932967185974121e-01,2.768681347370147705e-01,1.652807742357254028e-01,-2.984754741191864014e-03
3.213367462158203125e-01,5.882697701454162598e-01,6.938922405242919922e-01,6.619791984558105469e-01,5.434211492538452148e-01,5.633193254470825195e-01,5.111039876937866211e-01,3.792695701122283936e-01,1.835226863622665405e-01,-4.568835720419883728e-03
2.256429940462112427e-01,4.996751248836517334e-01,6.401988267898559570e-01,6.628766059875488281e-01,6.114843487739562988e-01,6.325577497482299805e-01,5.568100810050964355e-01,4.287632107734680176e-01,2.018175870180130005e-01,-2.180648967623710632e-03
3.006176054477691650e-01,5.384275913238525391e-01,6.495766639709472656e-01,6.268525123596191406e-01,5.539460778236389160e-01,5.946620702743530273e-01,5.430895090103149414e-01,3.875941932201385498e-01,1.896990537643432617e-01,-1.777471788227558136e-02
2.305069118738174438e-01,4.462802112102508545e-01,5.769257545471191406e-01,6.079317331314086914e-01,5.980985760688781738e-01,6.690789461135864258e-01,6.149070858955383301e-01,4.283658862113952637e-01,2.063281238079071045e-01,-1.980854012072086334e-02
1.832641065120697021e-01,3.643357753753662109e-01,4.642116427421569824e-01,5.173490047454833984e-01,5.654954314231872559e-01,7.238913774490356445e-01,7.135623097419738770e-01,5.310181379318237305e-01,2.738268971443176270e-01,1.884869858622550964e-02
1.591888666152954102e-01,1.915228217840194702e-01,5.484676733613014221e-02,-6.413802504539489746e-02,8.686149120330810547e-02,6.208987236022949219e-01,1.052415966987609863e+00,1.038093209266662598e+00,7.131806015968322754e-01,3.258941173553466797e-01
5.275967717170715332e-01,8.345718979835510254e-01,8.491801023483276367e-01,5.964995622634887695e-01,3.401676416397094727e-01,3.198099434375762939e-01,3.385249674320220947e-01,2.734231054782867432e-01,1.475812494754791260e-01,-1.527676545083522797e-02
6.153892874717712402e-01,8.756541013717651367e-01,8.127263784408569336e-01,4.811689555644989014e-01,1.883810758590698242e-01,2.068299353122711182e-01,3.246012628078460693e-01,2.824567258358001709e-01,1.942212432622909546e-01,2.255768515169620514e-02
4.222518503665924072e-01,6.400863528251647949e-01,6.450116634368896484e-01,4.718414843082427979e-01,3.442842960357666016e-01,4.689719080924987793e-01,5.331344604492187500e-01,4.169422090053558350e-01,2.447867691516876221e-01,2.045033499598503113e-02
7.188079357147216797e-01,1.066721558570861816e+00,1.001110792160034180e+00,5.659720301628112793e-01,1.825953423976898193e-01,9.625391662120819092e-02,1.788468360900878906e-01,1.763633787631988525e-01,1.026491075754165649e-01,-1.861125044524669647e-02
4.612856507301330566e-01,7.134400606155395508e-01,7.439473867416381836e-01,5.482638478279113770e-01,3.628183007240295410e-01,4.150164723396301270e-01,4.452643394470214844e-01,3.421360850334167480e-01,1.989251375198364258e-01,4.156555980443954468e-03
3.132494390010833740e-01,5.430382490158081055e-01,6.236594915390014648e-01,5.330286026000976562e-01,4.478272199630737305e-01,5.539952516555786133e-01,5.792407989501953125e-01,4.484136700630187988e-01,2.586023807525634766e-01,2.826837264001369476e-02
1.281031519174575806e-01,3.031377196311950684e-01,4.050606489181518555e-01,5.093301534652709961e-01,6.212601065635681152e-01,7.812833786010742188e-01,7.628331780433654785e-01,5.560169219970703125e-01,2.790223360061645508e-01,2.421042136847972870e-02
1.009439080953598022e-01,1.474916636943817139e-01,7.978546619415283203e-02,6.671410799026489258e-02,2.474234253168106079e-01,6.896448135375976562e-01,1.036588907241821289e+00,9.521729946136474609e-01,6.056312322616577148e-01,2.636264264583587646e-01
9.643408656120300293e-02,1.038825362920761108e-01,-5.858825892210006714e-02,-1.652270853519439697e-01,2.080741524696350098e-02,5.985571146011352539e-01,1.147349357604980469e+00,1.170568943023681641e+00,7.930880188941955566e-01,4.084821939468383789e-01
1.856945753097534180e-01,4.302563071250915527e-01,5.704921483993530273e-01,6.496748924255371094e-01,6.607663035392761230e-01,6.982502937316894531e-01,5.979226827621459961e-01,4.290267527103424072e-01,1.836284399032592773e-01,-2.119748853147029877e-02
2.346629649400711060e-01,4.894944727420806885e-01,6.161929368972778320e-01,6.404505968093872070e-01,5.911716818809509277e-01,6.406273841857910156e-01,5.607285499572753906e-01,4.212247729301452637e-01,1.892227083444595337e-01,-1.194713450968265533e-02
1.561056226491928101e-01,3.303020000457763672e-01,3.785876035690307617e-01,4.077342450618743896e-01,4.887951612472534180e-01,6.942076683044433594e-01,7.610337138175964355e-01,6.374148130416870117e-01,3.659309744834899902e-01,8.331739157438278198e-02
2.818590104579925537e-01,5.359826087951660156e-01,6.652517318725585938e-01,6.569880247116088867e-01,5.764537453651428223e-01,5.968399047851562500e-01,5.285897254943847656e-01,3.769550919532775879e-01,1.798786222934722900e-01,-2.110954187810420990e-02
1.827753633260726929e-01,4.157229661941528320e-01,5.250396132469177246e-01,5.657112598419189453e-01,5.813726782798767090e-01,6.815189123153686523e-01,6.413846611976623535e-01,4.932918846607208252e-01,2.501474916934967041e-01,1.474312879145145416e-02
4.019384682178497314e-01,7.433362007141113281e-01,9.275642633438110352e-01,8.699867725372314453e-01,6.750611662864685059e-01,4.408311545848846436e-01,2.481713294982910156e-01,4.227633774280548096e-02,8.392309769988059998e-03,-4.687559604644775391e-02
5.793926119804382324e-01,9.352580308914184570e-01,1.015533804893493652e+00,7.944725751876831055e-01,4.892316460609436035e-01,2.358740866184234619e-01,1.276404112577438354e-01,2.802155911922454834e-03,9.068435057997703552e-03,-2.788250707089900970e-02
6.193124651908874512e-01,9.760402441024780273e-01,1.036840796470642090e+00,7.962751388549804688e-01,4.837519526481628418e-01,1.875035166740417480e-01,4.378382861614227295e-02,-7.440965622663497925e-02,-3.146135061979293823e-02,2.188248559832572937e-03
3.636694252490997314e-01,7.036898732185363770e-01,9.419962167739868164e-01,9.273656606674194336e-01,7.243809103965759277e-01,4.510772824287414551e-01,2.302788496017456055e-01,2.669386379420757294e-02,-1.973235979676246643e-03,-4.071978479623794556e-02
1.376087963581085205e-01,4.586995542049407959e-01,8.230909109115600586e-01,1.029107809066772461e+00,9.904862046241760254e-01,7.091077566146850586e-01,3.785544633865356445e-01,8.077215403318405151e-02,-5.985738709568977356e-03,-4.668711870908737183e-02
2.603991031646728516e-01,5.486398339271545410e-01,8.378903865814208984e-01,9.615896940231323242e-01,8.268448114395141602e-01,5.114328861236572266e-01,2.196888029575347900e-01,6.315606832504272461e-02,4.088546335697174072e-02,1.396660320460796356e-02
1.780418902635574341e-01,4.165867865085601807e-01,7.125345468521118164e-01,9.112397432327270508e-01,9.080916643142700195e-01,6.609895229339599609e-01,3.539656102657318115e-01,1.442618072032928467e-01,7.186267524957656860e-02,2.519934810698032379e-02
2.251945883035659790e-01,4.629006981849670410e-01,7.155662775039672852e-01,8.658113479614257812e-01,8.504854440689086914e-01,6.085979938507080078e-01,3.534349501132965088e-01,1.478426456451416016e-01,7.591146230697631836e-02,2.492978610098361969e-02
3.763959705829620361e-01,6.713514328002929688e-01,8.791445493698120117e-01,8.525894880294799805e-01,6.374899148941040039e-01,3.729901015758514404e-01,1.816308200359344482e-01,7.040830701589584351e-02,4.478260874748229980e-02,1.705400459468364716e-02
2.884745597839355469e-01,5.972772240638732910e-01,8.937225341796875000e-01,9.908477067947387695e-01,8.148251175880432129e-01,4.691126942634582520e-01,1.768232733011245728e-01,5.018273741006851196e-02,2.160135097801685333e-02,5.428843200206756592e-03
2.213743776082992554e-01,4.940023720264434814e-01,7.980855703353881836e-01,9.570084810256958008e-01,8.729755282402038574e-01,5.652770996093750000e-01,2.617391347885131836e-01,1.015071719884872437e-01,4.309135675430297852e-02,1.105841062963008881e-02
3.264682292938232422e-01,6.500312685966491699e-01,9.288686513900756836e-01,9.745789766311645508e-01,7.553065419197082520e-01,4.025219380855560303e-01,1.393643915653228760e-01,3.404840454459190369e-02,2.785135619342327118e-02,1.388808526098728180e-02
2.719048261642456055e-01,5.571766495704650879e-01,8.571943044662475586e-01,9.825446605682373047e-01,8.418474197387695312e-01,5.171520709991455078e-01,2.153005003929138184e-01,7.190394401550292969e-02,2.095695026218891144e-02,-3.537988290190696716e-03
1.362645477056503296e-01,2.989135980606079102e-01,5.381785631179809570e-01,7.908728122711181641e-01,8.758112788200378418e-01,7.379950284957885742e-01,4.842934608459472656e-01,2.441253364086151123e-01,8.894487470388412476e-02,3.637297451496124268e-02
2.385281026363372803e-01,4.891313910484313965e-01,7.542850971221923828e-01,9.075930118560791016e-01,8.078922629356384277e-01,5.441330671310424805e-01,2.772710621356964111e-01,1.160356849431991577e-01,3.753658384084701538e-02,1.740362867712974548e-02
1.610135138034820557e-01,2.686163485050201416e-01,4.663077890872955322e-01,6.625750064849853516e-01,7.709127068519592285e-01,6.935042142868041992e-01,5.655245780944824219e-01,3.455478847026824951e-01,1.717644035816192627e-01,8.800888061523437500e-02
1.707367449998855591e-01,3.095721900463104248e-01,5.327395200729370117e-01,7.318710088729858398e-01,8.045115470886230469e-01,6.854784488677978516e-01,5.077686905860900879e-01,2.889341711997985840e-01,1.313339471817016602e-01,6.243807822465896606e-02
2.547819316387176514e-01,5.134647488594055176e-01,7.786923646926879883e-01,9.155042171478271484e-01,7.982357740402221680e-01,5.178486108779907227e-01,2.543734312057495117e-01,1.046430915594100952e-01,3.496859967708587646e-02,1.575696468353271484e-02
